{
  "clustering_quality": {
    "silhouette_coefficient": 0.8501011754462525,
    "davies_bouldin_index": 0.19839213700833766,
    "calinski_harabasz_index": 401.8829066487023
  },
  "cluster_statistics": {
    "total_clusters": 21,
    "total_points": 5000,
    "clustered_points": "108",
    "noise_points": "4892"
  },
  "density_metrics": {
    "cluster_0_density": 0.004399164654660501,
    "cluster_0_size": 5,
    "cluster_1_density": 0.009924553471383145,
    "cluster_1_size": 5,
    "cluster_2_density": 0.014002569340649617,
    "cluster_2_size": 6,
    "cluster_3_density": 0.004519652810716411,
    "cluster_3_size": 5,
    "cluster_4_density": 0.014917454511038451,
    "cluster_4_size": 6,
    "cluster_5_density": 0.003736396596180728,
    "cluster_5_size": 5,
    "cluster_6_density": 0.01143053545620512,
    "cluster_6_size": 5,
    "cluster_7_density": 0.010293103205337755,
    "cluster_7_size": 5,
    "cluster_8_density": 0.004613608897586616,
    "cluster_8_size": 5,
    "cluster_9_density": 0.009160735701531312,
    "cluster_9_size": 5,
    "cluster_10_density": 0.016325448954021604,
    "cluster_10_size": 5,
    "cluster_11_density": 0.007770942387456385,
    "cluster_11_size": 5,
    "cluster_12_density": 0.015486970029153226,
    "cluster_12_size": 5,
    "cluster_13_density": 0.004614116679904049,
    "cluster_13_size": 5,
    "cluster_14_density": 0.003954754737412446,
    "cluster_14_size": 5,
    "cluster_15_density": 0.006895308273807473,
    "cluster_15_size": 5,
    "cluster_16_density": 0.007416545048207222,
    "cluster_16_size": 5,
    "cluster_17_density": 0.0076056023804582235,
    "cluster_17_size": 5,
    "cluster_18_density": 0.007577618361280725,
    "cluster_18_size": 6,
    "cluster_19_density": 0.0026218661786355014,
    "cluster_19_size": 5,
    "cluster_20_density": 0.007206622917520215,
    "cluster_20_size": 5
  },
  "temporal_metrics": {
    "cluster_0_lead_time_days": 11.200000000000001,
    "cluster_0_concentration_week1": 0.2,
    "cluster_1_lead_time_days": 8.4,
    "cluster_1_concentration_week1": 0.4,
    "cluster_2_lead_time_days": 11.666666666666668,
    "cluster_2_concentration_week1": 0.16666666666666666,
    "cluster_3_lead_time_days": 11.200000000000001,
    "cluster_3_concentration_week1": 0.2,
    "cluster_4_lead_time_days": 9.333333333333334,
    "cluster_4_concentration_week1": 0.3333333333333333,
    "cluster_5_lead_time_days": 11.200000000000001,
    "cluster_5_concentration_week1": 0.2,
    "cluster_6_lead_time_days": 11.200000000000001,
    "cluster_6_concentration_week1": 0.2,
    "cluster_7_lead_time_days": 11.200000000000001,
    "cluster_7_concentration_week1": 0.2,
    "cluster_8_lead_time_days": 11.200000000000001,
    "cluster_8_concentration_week1": 0.2,
    "cluster_9_lead_time_days": 11.200000000000001,
    "cluster_9_concentration_week1": 0.2,
    "cluster_10_lead_time_days": 11.200000000000001,
    "cluster_10_concentration_week1": 0.2,
    "cluster_11_lead_time_days": 11.200000000000001,
    "cluster_11_concentration_week1": 0.2,
    "cluster_12_lead_time_days": 8.4,
    "cluster_12_concentration_week1": 0.4,
    "cluster_13_lead_time_days": 11.200000000000001,
    "cluster_13_concentration_week1": 0.2,
    "cluster_14_lead_time_days": 5.6000000000000005,
    "cluster_14_concentration_week1": 0.6,
    "cluster_15_lead_time_days": 2.7999999999999994,
    "cluster_15_concentration_week1": 0.8,
    "cluster_16_lead_time_days": 11.200000000000001,
    "cluster_16_concentration_week1": 0.2,
    "cluster_17_lead_time_days": 11.200000000000001,
    "cluster_17_concentration_week1": 0.2,
    "cluster_18_lead_time_days": 9.333333333333334,
    "cluster_18_concentration_week1": 0.3333333333333333,
    "cluster_19_lead_time_days": 5.6000000000000005,
    "cluster_19_concentration_week1": 0.6,
    "cluster_20_lead_time_days": 5.6000000000000005,
    "cluster_20_concentration_week1": 0.6
  },
  "noise_analysis": {
    "total_noise_points": 4892,
    "pct_noise": 97.84,
    "noise_severity_distribution": {
      "Mild": 1242,
      "Severe": 1236,
      "Life-threatening": 1217,
      "Moderate": 1197
    },
    "avg_noise_severity": 1.4963205233033523
  },
  "batch_detection": {
    "total_unique_batches": 3139,
    "batches_flagged_high_risk": 0,
    "batches_flagged_critical": 0,
    "pct_high_risk": 0.0,
    "pct_critical": 0.0
  }
}